message_id,match_id,champion_name,time,sent_to,message,association_to_offender,kills,deaths,assists,outcome,label,kda
1,4000,Jinx,0:06:16,All,wtf,enemy,18,9,6,Loss,1,2.67
2,4000,Jinx,0:07:29,All,so boring,enemy,18,9,6,Loss,0,2.67
3,4000,Jinx,0:07:30,All,-.-,enemy,18,9,6,Loss,0,2.67
4,4000,Ahri,0:25:48,All,my god,enemy,3,7,13,Loss,0,2.29
5,4000,Ahri,0:25:51,All,penta now,enemy,3,7,13,Loss,0,2.29
6,4000,Annie,0:25:55,All,no,ally,2,7,11,Win,0,1.86
7,4000,Annie,0:25:57,All,noob,ally,2,7,11,Win,1,1.86
8,4000,Annie,0:26:03,All,noob easy,ally,2,7,11,Win,1,1.86
9,4000,Annie,0:26:04,All,!!!!!!!!!!!,ally,2,7,11,Win,0,1.86
10,4000,Jinx,0:26:29,All,u dont say,enemy,18,9,6,Loss,0,2.67
11,4000,Jinx,0:26:31,All,miss silver,enemy,18,9,6,Loss,0,2.67
12,4000,Ahri,0:26:33,All,more flash,enemy,3,7,13,Loss,0,2.29
13,4000,Lucian,0:34:52,All,better adc won,ally,19,9,8,Win,0,3.0
14,4000,Jinx,0:35:22,All,just bought this jinx,enemy,18,9,6,Loss,0,2.67
15,4000,Jinx,0:35:42,All,main mid,enemy,18,9,6,Loss,0,2.67
16,4000,Jinx,0:35:52,All,asshole im bronze V,enemy,18,9,6,Loss,1,2.67
17,4000,Annie,0:36:22,All,asshole im stupidr mum VI,ally,2,7,11,Win,1,1.86
18,4000,Annie,0:36:25,All,YO,ally,2,7,11,Win,0,1.86
19,4000,Annie,0:36:27,All,main troll,ally,2,7,11,Win,0,1.86
20,4000,Jinx,0:39:19,All,fuck stupid wp,enemy,18,9,6,Loss,1,2.67
21,4000,Annie,0:39:21,All,Easy,ally,2,7,11,Win,0,1.86
22,4000,Jinx,0:39:31,All,like u did much annie,enemy,18,9,6,Loss,0,2.67
23,4000,Jinx,0:39:35,All,why so mad dude?,enemy,18,9,6,Loss,0,2.67
24,4000,Annie,0:40:01,All,i am so cool yaw,ally,2,7,11,Win,0,1.86
25,4000,Orianna,0:40:06,All,easy,offender,6,8,17,Win,0,2.88
26,4001,Tristana,0:00:34,Team1,lvl 22 with gold !! np matchmaking,enemy,10,11,3,Loss,0,1.18
27,4001,Nidalee,0:01:39,Team2,wtf,ally,7,7,7,Loss,0,2.0
28,4001,Nidalee,0:01:42,Team2,that fuck tho,ally,7,7,7,Loss,1,2.0
29,4001,Lucian,0:01:56,All,baited,offender,4,12,10,Win,0,1.17
30,4001,Nidalee,0:05:20,Team2,cmon elise,ally,7,7,7,Loss,0,2.0
31,4001,Tristana,0:06:54,Team1,sejuani better if u help shit -_- push mid not worth -_-,enemy,10,11,3,Loss,1,1.18
32,4001,Tristana,0:08:49,Team1,blue ?,enemy,10,11,3,Loss,0,1.18
33,4001,Nidalee,0:12:35,Team2,elise?,ally,7,7,7,Loss,0,2.0
34,4001,Nidalee,0:14:44,Team2,"cmon, nobb should just back after the first turr",ally,7,7,7,Loss,1,2.0
35,4001,Lucian,0:14:48,Team2,stfu,offender,4,12,10,Win,0,1.17
36,4001,Lucian,0:14:50,Team2,:),offender,4,12,10,Win,0,1.17
37,4001,Nidalee,0:14:51,Team2,lol,ally,7,7,7,Loss,0,2.0
38,4001,Nidalee,0:14:55,Team2,u fuck,ally,7,7,7,Loss,1,2.0
39,4001,Lucian,0:14:58,Team2,u should just come with us asshole make one hit,offender,4,12,10,Win,1,1.17
40,4001,Warwick,0:16:36,Team1,nida spectator time ^^,enemy,4,8,10,Loss,0,1.75
41,4001,Nidalee,0:17:00,Team2,that waste of barrier tho,ally,7,7,7,Loss,0,2.0
42,4001,Lucian,0:17:11,Team2,cry me a river,offender,4,12,10,Win,0,1.17
43,4001,Elise,0:18:36,Team2,nidalee u blind fuck,ally,19,5,10,Win,1,5.8
44,4001,Tristana,0:19:10,Team1,oom -_-,enemy,10,11,3,Loss,0,1.18
45,4001,Lucian,0:23:40,Team2,try that again,offender,4,12,10,Win,0,1.17
46,4001,Nidalee,0:23:40,Team2,bye,ally,7,7,7,Loss,0,2.0
47,4001,Elise,0:34:53,All,fuck noob wp,ally,19,5,10,Win,1,5.8
48,4001,Sejuani,0:34:55,All,bad game.,enemy,11,2,9,Loss,0,10.0
49,4001,Nidalee,0:35:29,All,fuck noob,ally,7,7,7,Loss,1,2.0
50,4002,Yasuo,0:00:41,All,GL HF asshole REPORT GP PLEASE ( TROLLPICK),enemy,26,5,15,Win,1,8.2
51,4002,Yasuo,0:00:45,All,thanks,enemy,26,5,15,Win,0,8.2
52,4002,Ezreal,0:00:49,All,xD u2,ally,9,7,5,Loss,0,2.0
53,4002,Gangplank,0:01:01,All,i said first,enemy,17,7,14,Win,0,4.43
54,4002,Ezreal,0:01:07,Team2,they invade maybe !,ally,9,7,5,Loss,0,2.0
55,4002,Yasuo,0:01:11,All,u didnt say first,enemy,26,5,15,Win,0,8.2
56,4002,Ezreal,0:01:11,Team2,be carefull !,ally,9,7,5,Loss,0,2.0
57,4002,Gangplank,0:01:12,All,i swear,enemy,17,7,14,Win,0,4.43
58,4002,Ezreal,0:01:17,All,:P,ally,9,7,5,Loss,0,2.0
59,4002,Karma,0:01:19,Team2,i'll go mid,ally,1,8,11,Loss,0,1.5
60,4002,Teemo,0:01:19,Team1,buy net,enemy,6,3,9,Win,0,5.0
61,4002,Gangplank,0:01:22,All,yes right,enemy,17,7,14,Win,0,4.43
62,4002,Teemo,0:01:26,Team1,u,enemy,6,3,9,Win,0,5.0
63,4002,Karma,0:01:28,Team2,till heimer reconect,ally,1,8,11,Loss,0,1.5
64,4002,Ezreal,0:01:35,Team2,heimi :ยง ?,ally,9,7,5,Loss,0,2.0
65,4002,Karma,0:01:39,Team2,i'm with him in skype,ally,1,8,11,Loss,0,1.5
66,4002,Yasuo,0:01:40,Team1,gp,enemy,26,5,15,Win,0,8.2
67,4002,Yasuo,0:01:41,Team1,nooob,enemy,26,5,15,Win,1,8.2
68,4002,Gangplank,0:01:42,All,under tour,enemy,17,7,14,Win,0,4.43
69,4002,Teemo,0:01:43,Team1,...,enemy,6,3,9,Win,0,5.0
70,4002,Teemo,0:01:46,Team1,play,enemy,6,3,9,Win,0,5.0
71,4002,Gangplank,0:01:47,All,dive ??,enemy,17,7,14,Win,0,4.43
72,4002,Yasuo,0:01:51,Team1,''undertour'',enemy,26,5,15,Win,0,8.2
73,4002,Teemo,0:01:53,Team1,...,enemy,6,3,9,Win,0,5.0
74,4002,Teemo,0:01:54,Team1,hate,enemy,6,3,9,Win,0,5.0
75,4002,Ezreal,0:02:03,Team2,karma bot,ally,9,7,5,Loss,0,2.0
76,4002,Karma,0:02:45,Team2,going,ally,1,8,11,Loss,0,1.5
77,4002,Riven,0:03:06,Team2,xin pls stay in shit,ally,6,17,3,Loss,0,0.53
78,4002,Karma,0:04:05,Team2,going mid...,ally,1,8,11,Loss,0,1.5
79,4002,Ezreal,0:04:10,Team2,report,ally,9,7,5,Loss,0,2.0
80,4002,Xin Zhao,0:04:18,Team2,fk u riven,ally,4,14,7,Loss,1,0.79
81,4002,Xin Zhao,0:04:27,Team2,nooooooooooooooooooooooooooooooooooooooooooob,ally,4,14,7,Loss,1,0.79
82,4002,Yasuo,0:04:28,Team1,teamwork..,enemy,26,5,15,Win,0,8.2
83,4002,Teemo,0:04:37,Team1,dumbass,enemy,6,3,9,Win,1,5.0
84,4002,Yasuo,0:04:47,Team1,hha,enemy,26,5,15,Win,0,8.2
85,4002,Yasuo,0:04:49,Team1,haha*,enemy,26,5,15,Win,0,8.2
86,4002,Yasuo,0:05:12,Team1,dont run,enemy,26,5,15,Win,0,8.2
87,4002,Yasuo,0:05:13,Team1,u can,enemy,26,5,15,Win,0,8.2
88,4002,Blitzcrank,0:05:19,Team1,dumbass,enemy,3,3,21,Win,1,8.0
89,4002,Xin Zhao,0:05:25,Team2,nooooooooooooob riven$,ally,4,14,7,Loss,1,0.79
90,4002,Riven,0:05:32,Team2,asshole u,ally,6,17,3,Loss,1,0.53
91,4002,Yasuo,0:06:15,Team1,2tf?,enemy,26,5,15,Win,1,8.2
92,4002,Yasuo,0:06:17,Team1,wtf?,enemy,26,5,15,Win,1,8.2
93,4002,Yasuo,0:06:18,Team1,gp,enemy,26,5,15,Win,0,8.2
94,4002,Yasuo,0:06:20,Team1,u are tard,enemy,26,5,15,Win,1,8.2
95,4002,Yasuo,0:06:22,Team1,i suicide,enemy,26,5,15,Win,0,8.2
96,4002,Yasuo,0:06:24,Team1,for safe,enemy,26,5,15,Win,0,8.2
97,4002,Yasuo,0:06:29,Team1,fucking life,enemy,26,5,15,Win,1,8.2
98,4002,Yasuo,0:06:36,Team1,asshole u suicide,enemy,26,5,15,Win,1,8.2
99,4002,Heimerdinger,0:06:36,Team2,llamar,offender,0,12,3,Loss,0,0.25
100,4002,Yasuo,0:06:38,Team1,noob,enemy,26,5,15,Win,1,8.2
101,4002,Karma,0:07:06,Team2,i go bot again,ally,1,8,11,Loss,0,1.5
102,4002,Ezreal,0:07:11,Team2,xin help bot pls,ally,9,7,5,Loss,0,2.0
103,4002,Yasuo,0:07:33,Team1,ur are welcome...,enemy,26,5,15,Win,0,8.2
104,4002,Yasuo,0:07:43,Team1,u*,enemy,26,5,15,Win,0,8.2
105,4002,Riven,0:08:48,Team2,ss,ally,6,17,3,Loss,0,0.53
106,4002,Heimerdinger,0:08:49,All,dumbass pro,offender,0,12,3,Loss,1,0.25
107,4002,Yasuo,0:09:09,Team1,see gp,enemy,26,5,15,Win,0,8.2
108,4002,Yasuo,0:09:11,Team1,without me,enemy,26,5,15,Win,0,8.2
109,4002,Yasuo,0:09:12,Team1,u die,enemy,26,5,15,Win,1,8.2
110,4002,Gangplank,0:09:52,Team1,dumbass,enemy,17,7,14,Win,1,4.43
111,4002,Teemo,0:09:59,Team1,def,enemy,6,3,9,Win,0,5.0
112,4002,Blitzcrank,0:10:02,Team1,k,enemy,3,3,21,Win,0,8.0
113,4002,Yasuo,0:10:49,Team1,use ulti gp,enemy,26,5,15,Win,0,8.2
114,4002,Teemo,0:12:19,Team1,lol,enemy,6,3,9,Win,0,5.0
115,4002,Ezreal,0:12:21,All,dat blitz :P,ally,9,7,5,Loss,0,2.0
116,4002,Teemo,0:13:16,All,hi,enemy,6,3,9,Win,0,5.0
117,4002,Gangplank,0:13:16,All,nihahahahahah,enemy,17,7,14,Win,0,4.43
118,4002,Ezreal,0:13:23,Team2,oom,ally,9,7,5,Loss,0,2.0
119,4002,Blitzcrank,0:13:31,Team1,didn't play as bl dumb for long,enemy,3,3,21,Win,0,8.0
120,4002,Riven,0:13:53,Team2,ss,ally,6,17,3,Loss,0,0.53
121,4002,Ezreal,0:14:09,Team2,dumbass,ally,9,7,5,Loss,1,2.0
122,4002,Teemo,0:14:09,Team1,ss,enemy,6,3,9,Win,0,5.0
123,4002,Ezreal,0:14:12,Team2,..,ally,9,7,5,Loss,0,2.0
124,4002,Heimerdinger,0:14:13,All,noob,offender,0,12,3,Loss,1,0.25
125,4002,Ezreal,0:14:40,All,i used my e in ur q :P,ally,9,7,5,Loss,0,2.0
126,4002,Riven,0:15:12,Team2,ss,ally,6,17,3,Loss,0,0.53
127,4002,Yasuo,0:15:15,All,dumbass,enemy,26,5,15,Win,1,8.2
128,4002,Teemo,0:15:31,Team1,......,enemy,6,3,9,Win,0,5.0
129,4002,Blitzcrank,0:15:36,Team1,no mana sry,enemy,3,3,21,Win,0,8.0
130,4002,Karma,0:15:37,Team2,I'M BROKEEEEEEENE,ally,1,8,11,Loss,0,1.5
131,4002,Ezreal,0:15:44,Team2,:D,ally,9,7,5,Loss,0,2.0
132,4002,Lissassholera,0:15:45,Team1,fuckhead,enemy,6,2,14,Win,1,10.0
133,4002,Teemo,0:15:53,Team1,0/1,enemy,6,3,9,Win,0,5.0
134,4002,Teemo,0:15:57,Team1,........,enemy,6,3,9,Win,0,5.0
135,4002,Teemo,0:16:00,Team1,fuck noob,enemy,6,3,9,Win,1,5.0
136,4002,Xin Zhao,0:16:05,Team2,no ss noobs,ally,4,14,7,Loss,1,0.79
137,4002,Blitzcrank,0:16:08,Team1,ez 1/0,enemy,3,3,21,Win,1,8.0
138,4002,Blitzcrank,0:16:12,Team1,we can win,enemy,3,3,21,Win,0,8.0
139,4002,Teemo,0:16:15,Team1,no,enemy,6,3,9,Win,0,5.0
140,4002,Blitzcrank,0:16:20,Team1,we will,enemy,3,3,21,Win,0,8.0
141,4002,Xin Zhao,0:16:42,Team2,noob team,ally,4,14,7,Loss,1,0.79
142,4002,Blitzcrank,0:16:52,Team1,:),enemy,3,3,21,Win,0,8.0
143,4002,Riven,0:17:06,Team2,ss,ally,6,17,3,Loss,0,0.53
144,4002,Blitzcrank,0:17:19,Team1,:/,enemy,3,3,21,Win,0,8.0
145,4002,Teemo,0:17:24,Team1,xD,enemy,6,3,9,Win,0,5.0
146,4002,Ezreal,0:17:27,All,xD,ally,9,7,5,Loss,0,2.0
147,4002,Yasuo,0:17:29,Team1,?,enemy,26,5,15,Win,0,8.2
148,4002,Blitzcrank,0:17:31,Team1,bug,enemy,3,3,21,Win,0,8.0
149,4002,Blitzcrank,0:17:46,Team1,see??,enemy,3,3,21,Win,0,8.0
150,4002,Ezreal,0:17:47,Team2,karma ? oO,ally,9,7,5,Loss,0,2.0
151,4002,Blitzcrank,0:17:48,Team1,:),enemy,3,3,21,Win,0,8.0
152,4002,Teemo,0:17:51,Team1,yes,enemy,6,3,9,Win,0,5.0
153,4002,Ezreal,0:18:06,Team2,da team ...,ally,9,7,5,Loss,0,2.0
154,4002,Gangplank,0:18:40,Team1,i take,enemy,17,7,14,Win,0,4.43
155,4002,Lissassholera,0:18:45,Team1,nio,enemy,6,2,14,Win,0,10.0
156,4002,Yasuo,0:18:47,All,fuckhead heim,enemy,26,5,15,Win,1,8.2
157,4002,Lissassholera,0:19:04,Team1,noob noob don't need it !!!!!,enemy,6,2,14,Win,1,10.0
158,4002,Heimerdinger,0:19:12,All,say the noob playing the noobchamp,offender,0,12,3,Loss,1,0.25
159,4002,Ezreal,0:19:12,Team2,-.- soo bad,ally,9,7,5,Loss,0,2.0
160,4002,Teemo,0:19:26,All,u noob? yes u,enemy,6,3,9,Win,1,5.0
161,4002,Heimerdinger,0:19:32,All,nop yasuo,offender,0,12,3,Loss,0,0.25
162,4002,Heimerdinger,0:19:38,All,just sucks so hard,offender,0,12,3,Loss,1,0.25
163,4002,Teemo,0:19:40,All,uuuuuuuuuuu,enemy,6,3,9,Win,0,5.0
164,4002,Heimerdinger,0:19:48,All,can only kill an afk with a retarded champ,offender,0,12,3,Loss,1,0.25
165,4002,Blitzcrank,0:20:05,Team1,:D,enemy,3,3,21,Win,0,8.0
166,4002,Yasuo,0:20:23,All,"want 1vs1 with other champ , heim?",enemy,26,5,15,Win,0,8.2
167,4002,Xin Zhao,0:20:31,Team2,noobs$,ally,4,14,7,Loss,1,0.79
168,4002,Teemo,0:20:37,Team1,:DD,enemy,6,3,9,Win,0,5.0
169,4002,Teemo,0:21:26,Team1,ks,enemy,6,3,9,Win,0,5.0
170,4002,Teemo,0:21:39,Team1,noob gp,enemy,6,3,9,Win,1,5.0
171,4002,Yasuo,0:21:52,Team1,tank,enemy,26,5,15,Win,0,8.2
172,4002,Yasuo,0:21:53,Team1,bltiz,enemy,26,5,15,Win,0,8.2
173,4002,Gangplank,0:22:02,Team1,lol yasuo,enemy,17,7,14,Win,0,4.43
174,4002,Yasuo,0:22:08,Team1,?,enemy,26,5,15,Win,0,8.2
175,4002,Gangplank,0:23:22,All,die,enemy,17,7,14,Win,1,4.43
176,4002,Teemo,0:23:26,Team1,uu,enemy,6,3,9,Win,0,5.0
177,4002,Teemo,0:23:29,Team1,syka,enemy,6,3,9,Win,0,5.0
178,4002,Teemo,0:23:31,Team1,kser,enemy,6,3,9,Win,0,5.0
179,4002,Gangplank,0:23:36,All,lol riven,enemy,17,7,14,Win,0,4.43
180,4002,Yasuo,0:23:38,All,fuckhead heim,enemy,26,5,15,Win,1,8.2
181,4002,Gangplank,0:23:41,All,lol blitz,enemy,17,7,14,Win,0,4.43
182,4002,Gangplank,0:23:46,All,lol ez,enemy,17,7,14,Win,1,4.43
183,4002,Blitzcrank,0:23:46,Team1,:D,enemy,3,3,21,Win,0,8.0
184,4002,Ezreal,0:23:48,Team2,-.-,ally,9,7,5,Loss,0,2.0
185,4002,Ezreal,0:23:51,Team2,noob,ally,9,7,5,Loss,1,2.0
186,4002,Teemo,0:24:26,Team1,...,enemy,6,3,9,Win,0,5.0
187,4002,Teemo,0:24:27,Team1,2-Mar,enemy,6,3,9,Win,0,5.0
188,4002,Yasuo,0:24:39,Team1,grap,enemy,26,5,15,Win,0,8.2
189,4002,Blitzcrank,0:25:06,Team1,:D,enemy,3,3,21,Win,0,8.0
190,4002,Teemo,0:25:17,Team1,..,enemy,6,3,9,Win,0,5.0
191,4002,Heimerdinger,0:25:27,All,easy,offender,0,12,3,Loss,0,0.25
192,4002,Riven,0:25:42,All,YEAH EASY,ally,6,17,3,Loss,0,0.53
193,4002,Teemo,0:25:57,All,sasay,enemy,6,3,9,Win,0,5.0
194,4002,Blitzcrank,0:26:33,Team1,sry,enemy,3,3,21,Win,0,8.0
195,4002,Xin Zhao,0:26:41,All,look my team no help,ally,4,14,7,Loss,0,0.79
196,4002,Teemo,0:26:48,All,".....report gp, ty",enemy,6,3,9,Win,0,5.0
197,4002,Riven,0:26:53,Team2,no is a easy,ally,6,17,3,Loss,0,0.53
198,4002,Xin Zhao,0:26:56,Team2,noobbs --- no surrr,ally,4,14,7,Loss,1,0.79
199,4002,Gangplank,0:28:09,Team1,plz,enemy,17,7,14,Win,0,4.43
200,4002,Gangplank,0:28:11,Team1,noob,enemy,17,7,14,Win,1,4.43
201,4002,Teemo,0:28:14,Team1,u,enemy,6,3,9,Win,0,5.0
202,4002,Blitzcrank,0:28:33,Team1,saved u,enemy,3,3,21,Win,0,8.0
203,4002,Ezreal,0:28:46,All,dat feed,ally,9,7,5,Loss,0,2.0
204,4002,Teemo,0:29:03,Team1,..,enemy,6,3,9,Win,0,5.0
205,4002,Teemo,0:29:05,Team1,ksser,enemy,6,3,9,Win,0,5.0
206,4002,Gangplank,0:29:10,Team1,see,enemy,17,7,14,Win,0,4.43
207,4002,Teemo,0:29:13,Team1,u2,enemy,6,3,9,Win,0,5.0
208,4002,Heimerdinger,0:32:42,All,EASY,offender,0,12,3,Loss,0,0.25
209,4002,Teemo,0:32:50,Team1,:D,enemy,6,3,9,Win,0,5.0
210,4002,Ezreal,0:33:01,All,bg,ally,9,7,5,Loss,0,2.0
211,4002,Teemo,0:33:02,All,fuck noob,enemy,6,3,9,Win,1,5.0
212,4002,Riven,0:33:04,All,fuck noob,ally,6,17,3,Loss,1,0.53
213,4002,Ezreal,0:33:04,All,report jeime r,ally,9,7,5,Loss,0,2.0
214,4002,Karma,0:33:05,All,BGV,ally,1,8,11,Loss,0,1.5
215,4002,Heimerdinger,0:33:06,All,so easy,offender,0,12,3,Loss,0,0.25
216,4003,Ahri,0:00:17,Team2,invade,offender,5,9,4,Loss,0,1.0
217,4003,Ahri,0:01:24,Team2,shit,offender,5,9,4,Loss,1,1.0
218,4003,Ahri,0:01:25,Team2,go shit,offender,5,9,4,Loss,1,1.0
219,4003,Ahri,0:01:29,Team2,we steal,offender,5,9,4,Loss,0,1.0
220,4003,Ahri,0:01:40,Team2,:D,offender,5,9,4,Loss,0,1.0
221,4003,Ezreal,0:02:25,Team1,great..,enemy,7,3,11,Win,0,6.0
222,4003,Amumu,0:02:31,Team1,yes,enemy,10,2,15,Win,0,12.5
223,4003,Janna,0:02:35,Team2,wp,ally,0,4,12,Loss,0,3.0
224,4003,Blitzcrank,0:02:40,Team1,bad flash,enemy,3,5,20,Win,0,4.6
225,4003,Jinx,0:02:40,Team2,bad yuse of barrier though,ally,6,7,8,Loss,0,2.0
226,4003,Blitzcrank,0:02:48,Team1,u was out of pos,enemy,3,5,20,Win,0,4.6
227,4003,Ezreal,0:02:50,Team1,lol,enemy,7,3,11,Win,0,6.0
228,4003,Janna,0:02:52,Team2,ez used as noob ,ally,0,4,12,Loss,1,3.0
229,4003,Ezreal,0:02:57,Team1,bad invade,enemy,7,3,11,Win,0,6.0
230,4003,Blitzcrank,0:03:04,Team1, dumb true cause they came near turret,enemy,3,5,20,Win,1,4.6
231,4003,Blitzcrank,0:03:09,Team1,but nvm,enemy,3,5,20,Win,0,4.6
232,4003,Jinx,0:03:26,Team2,i will b,ally,6,7,8,Loss,0,2.0
233,4003,Janna,0:03:29,Team2,ok,ally,0,4,12,Loss,0,3.0
234,4003,Kennen,0:04:35,Team2,Yorick tp down,ally,5,7,6,Loss,0,1.57
235,4003,Aatrox,0:04:56,Team2, fuck ed bot?,ally,4,12,11,Loss,1,1.25
236,4003,Janna,0:05:02,Team2,in tri,ally,0,4,12,Loss,0,3.0
237,4003,Jinx,0:05:13,Team2,think they saw,ally,6,7,8,Loss,0,2.0
238,4003,Janna,0:05:14,Team2,seems there too,ally,0,4,12,Loss,0,3.0
239,4003,Blitzcrank,0:05:53,Team1,so bad lol,enemy,3,5,20,Win,0,4.6
240,4003,Jinx,0:06:50,Team2,how did my w miss him?,ally,6,7,8,Loss,0,2.0
241,4003,Jinx,0:06:52,Team2,at tower lol..,ally,6,7,8,Loss,0,2.0
242,4003,Janna,0:06:55,Team2,no clue,ally,0,4,12,Loss,0,3.0
243,4003,Jinx,0:07:05,Team2,he was right infront of me :(,ally,6,7,8,Loss,0,2.0
244,4003,Jinx,0:07:24,Team2,noob noob ..,ally,6,7,8,Loss,1,2.0
245,4003,Ahri,0:08:08,Team2,ty,offender,5,9,4,Loss,0,1.0
246,4003,Janna,0:09:06,Team2,can u just poke them with the rocket launcher :D?,ally,0,4,12,Loss,0,3.0
247,4003,Blitzcrank,0:10:41,Team1,oom,enemy,3,5,20,Win,0,4.6
248,4003,Janna,0:11:01,Team2,wp jinx,ally,0,4,12,Loss,0,3.0
249,4003,Jinx,0:11:03,Team2,thx,ally,6,7,8,Loss,0,2.0
250,4003,Ahri,0:11:13,Team2,why dont giver me,offender,5,9,4,Loss,0,1.0
251,4003,Ahri,0:11:15,Team2,lol,offender,5,9,4,Loss,0,1.0
252,4003,Jinx,0:12:06,Team2,lol,ally,6,7,8,Loss,0,2.0
253,4003,Blitzcrank,0:12:12,Team1,hm,enemy,3,5,20,Win,0,4.6
254,4003,Janna,0:12:15,Team2,descend from the skies,ally,0,4,12,Loss,0,3.0
255,4003,Janna,0:12:55,Team2, --- d,ally,0,4,12,Loss,0,3.0
256,4003,Blitzcrank,0:13:36,Team1, fucker,enemy,3,5,20,Win,1,4.6
257,4003,Amumu,0:13:36,Team1, --- d,enemy,10,2,15,Win,0,12.5
258,4003,Jinx,0:13:41,Team2,fml on taht ultui,ally,6,7,8,Loss,0,2.0
259,4003,Yorick,0:14:10,Team1,tp in 1 min,enemy,6,5,20,Win,0,5.2
260,4003,Kennen,0:14:14,Team2,ss,ally,5,7,6,Loss,0,1.57
261,4003,Janna,0:15:24,Team2,of,ally,0,4,12,Loss,0,3.0
262,4003,Yorick,0:15:52,Team1,wp,enemy,6,5,20,Win,0,5.2
263,4003,Ahri,0:15:58,Team2,why noob take all kills mid,offender,5,9,4,Loss,1,1.0
264,4003,Ahri,0:15:59,Team2,WHY,offender,5,9,4,Loss,0,1.0
265,4003,Kennen,0:16:00,Team2,to,ally,5,7,6,Loss,0,1.57
266,4003,Kennen,0:16:03,Team2,tp,ally,5,7,6,Loss,0,1.57
267,4003,Aatrox,0:16:04,Team2,lol my fault..,ally,4,12,11,Loss,0,1.25
268,4003,Aatrox,0:16:05,Team2,kk,ally,4,12,11,Loss,0,1.25
269,4003,Aatrox,0:16:09,Team2,noob try duel a fizz,ally,4,12,11,Loss,1,1.25
270,4003,Janna,0:16:22,Team2,wp,ally,0,4,12,Loss,0,3.0
271,4003,Amumu,0:16:22,Team1,wtf,enemy,10,2,15,Win,0,12.5
272,4003,Blitzcrank,0:16:22,Team1,no mana,enemy,3,5,20,Win,0,4.6
273,4003,Kennen,0:16:30,Team2,fuckhead jinx,ally,5,7,6,Loss,1,1.57
274,4003,Ezreal,0:16:33,Team1,no followthrough,enemy,7,3,11,Win,0,6.0
275,4003,Blitzcrank,0:16:36,Team1,just let them,enemy,3,5,20,Win,0,4.6
276,4003,Ezreal,0:16:37,Team1,we had em,enemy,7,3,11,Win,0,6.0
277,4003,Jinx,0:16:38,Team2,u2,ally,6,7,8,Loss,0,2.0
278,4003,Blitzcrank,0:16:40,Team1,if they are lucky,enemy,3,5,20,Win,0,4.6
279,4003,Ezreal,0:16:42,Team1,sure blitz just let em,enemy,7,3,11,Win,0,6.0
280,4003,Yorick,0:16:42,Team1,noob dived,enemy,6,5,20,Win,1,5.2
281,4003,Blitzcrank,0:16:45,Team1,dive is always bad,enemy,3,5,20,Win,0,4.6
282,4003,Ezreal,0:16:47,Team1,i was not,enemy,7,3,11,Win,0,6.0
283,4003,Ezreal,0:16:50,Team1,in turret range,enemy,7,3,11,Win,0,6.0
284,4003,Ezreal,0:16:54,Team1,dive is always bad???,enemy,7,3,11,Win,0,6.0
285,4003,Blitzcrank,0:16:54,Team1,u dived,enemy,3,5,20,Win,0,4.6
286,4003,Blitzcrank,0:16:56,Team1,wtf,enemy,3,5,20,Win,0,4.6
287,4003,Ezreal,0:16:58,Team1,lol,enemy,7,3,11,Win,0,6.0
288,4003,Ezreal,0:17:00,Team1,hf on ignore,enemy,7,3,11,Win,0,6.0
289,4003,Yorick,0:17:02,Team1,got 2 turret h nigger,enemy,6,5,20,Win,1,5.2
290,4003,Yorick,0:17:05,Team1,rofl,enemy,6,5,20,Win,0,5.2
291,4003,Blitzcrank,0:17:08,Team1,like shit re,enemy,3,5,20,Win,1,4.6
292,4003,Janna,0:17:11,Team2, --- d,ally,0,4,12,Loss,0,3.0
293,4003,Ezreal,0:17:19,Team1,u guys bailed,enemy,7,3,11,Win,0,6.0
294,4003,Ezreal,0:17:22,Team1,instead of taking the kill,enemy,7,3,11,Win,0,6.0
295,4003,Ezreal,0:17:24,Team1,so save it,enemy,7,3,11,Win,0,6.0
296,4003,Janna,0:17:43,Team2,wp,ally,0,4,12,Loss,0,3.0
297,4003,Fizz,0:17:44,Team1,COME,enemy,13,5,10,Win,0,4.6
298,4003,Fizz,0:17:45,Team1,MId,enemy,13,5,10,Win,0,4.6
299,4003,Fizz,0:17:51,Team1,asshole FUCK UR WRAIGHT,enemy,13,5,10,Win,1,4.6
300,4003,Kennen,0:18:02,Team2,omw to drag,ally,5,7,6,Loss,0,1.57
301,4003,Yorick,0:18:23,Team1,rofl,enemy,6,5,20,Win,0,5.2
302,4003,Yorick,0:18:25,Team1,wp,enemy,6,5,20,Win,0,5.2
303,4003,Amumu,0:18:28,Team1,sorry for carrying dumb noob fish,enemy,10,2,15,Win,1,12.5
304,4003,Blitzcrank,0:18:29,Team1,got kill,enemy,3,5,20,Win,0,4.6
305,4003,Blitzcrank,0:18:33,Team1,not good,enemy,3,5,20,Win,0,4.6
306,4003,Amumu,0:18:56,Team1,d up,enemy,10,2,15,Win,0,12.5
307,4003,Amumu,0:19:04,Team1,come ez,enemy,10,2,15,Win,1,12.5
308,4003,Jinx,0:19:05,Team2,next time please dont do that ahri,ally,6,7,8,Loss,0,2.0
309,4003,Kennen,0:20:04,Team2,nice shield,ally,5,7,6,Loss,0,1.57
310,4003,Janna,0:20:20,Team2, --- d,ally,0,4,12,Loss,0,3.0
311,4003,Amumu,0:20:25,Team1, --- d,enemy,10,2,15,Win,0,12.5
312,4003,Ahri,0:21:09,Team2,help pls,offender,5,9,4,Loss,0,1.0
313,4003,Ahri,0:21:30,Team2,ty,offender,5,9,4,Loss,0,1.0
314,4003,Blitzcrank,0:21:38,Team1,i go mid?,enemy,3,5,20,Win,0,4.6
315,4003,Jinx,0:22:12,Team2,we need to go as 5,ally,6,7,8,Loss,0,2.0
316,4003,Aatrox,0:22:25,Team2,^,ally,4,12,11,Loss,0,1.25
317,4003,Aatrox,0:22:27,Team2,start grouping,ally,4,12,11,Loss,0,1.25
318,4003,Jinx,0:22:41,Team2,help,ally,6,7,8,Loss,0,2.0
319,4003,Amumu,0:22:46,Team1,care njinx ult,enemy,10,2,15,Win,0,12.5
320,4003,Yorick,0:23:34,Team1,i go split,enemy,6,5,20,Win,0,5.2
321,4003,Amumu,0:25:12,Team1,i go bot,enemy,10,2,15,Win,0,12.5
322,4003,Ahri,0:25:25,Team2,why,offender,5,9,4,Loss,0,1.0
323,4003,Ahri,0:25:33,Team2,pls ff,offender,5,9,4,Loss,1,1.0
324,4003,Janna,0:25:49,Team2,i was pissed of cuz yorick was pushing shit asswipe we were doing nothing,ally,0,4,12,Loss,1,3.0
325,4003,Ahri,0:26:11,Team2,we should ff,offender,5,9,4,Loss,1,1.0
326,4003,Ahri,0:26:15,Team2,there tankyness,offender,5,9,4,Loss,0,1.0
327,4003,Ahri,0:26:17,Team2,no chance,offender,5,9,4,Loss,0,1.0
328,4003,Aatrox,0:26:18,Team2,sshit crying asswipe get on with it,ally,4,12,11,Loss,1,1.25
329,4003,Aatrox,0:26:20,Team2,seriously,ally,4,12,11,Loss,0,1.25
330,4003,Amumu,0:26:50,Team1,blitz drage,enemy,10,2,15,Win,0,12.5
331,4003,Amumu,0:26:58,Team1,pink,enemy,10,2,15,Win,0,12.5
332,4003,Jinx,0:27:07,Team2,atrox more tanky,ally,6,7,8,Loss,0,2.0
333,4003,Janna,0:27:11,Team2,everytime i play against ahri nigger like 9/0 beast,ally,0,4,12,Loss,1,3.0
334,4003,Jinx,0:27:13,Team2,kennen 2,ally,6,7,8,Loss,0,2.0
335,4003,Ezreal,0:27:14,Team1, fucker there,enemy,7,3,11,Win,1,6.0
336,4003,Ezreal,0:27:15,Team1,i believe,enemy,7,3,11,Win,0,6.0
337,4003,Blitzcrank,0:28:45,Team1,yorick ult at begin :O,enemy,3,5,20,Win,0,4.6
338,4003,Amumu,0:28:46,Team1,u compltely ignored ahri asswipe jinx,enemy,10,2,15,Win,1,12.5
339,4003,Yorick,0:28:53,Team1,i dont know,enemy,6,5,20,Win,0,5.2
340,4003,Yorick,0:28:55,Team1,where the fuck,enemy,6,5,20,Win,1,5.2
341,4003,Yorick,0:28:57,Team1,was ez,enemy,6,5,20,Win,1,5.2
342,4003,Yorick,0:29:00,Team1,i woulda ulted him,enemy,6,5,20,Win,0,5.2
343,4003,Blitzcrank,0:29:04,Team1,u can ult fizz too,enemy,3,5,20,Win,0,4.6
344,4003,Ahri,0:29:06,Team2,no assholes,offender,5,9,4,Loss,1,1.0
345,4003,Ahri,0:29:11,Team2,dont,offender,5,9,4,Loss,0,1.0
346,4003,Yorick,0:29:20,Team1,yea but he fuckin trickster asswipe shit nt,enemy,6,5,20,Win,1,5.2
347,4003,Blitzcrank,0:29:24,Team1,damn,enemy,3,5,20,Win,0,4.6
348,4003,Blitzcrank,0:29:26,Team1,:(,enemy,3,5,20,Win,0,4.6
349,4003,Yorick,0:29:30,Team1,xD,enemy,6,5,20,Win,0,5.2
350,4003,Amumu,0:29:43,Team1, --- d,enemy,10,2,15,Win,0,12.5
351,4003,Jinx,0:30:14,Team2,lol,ally,6,7,8,Loss,0,2.0
352,4003,Yorick,0:30:21,Team1,got tp,enemy,6,5,20,Win,0,5.2
353,4003,Jinx,0:31:47,Team2,fuck retard,ally,6,7,8,Loss,1,2.0
354,4003,Jinx,0:31:51,All,no tank,ally,6,7,8,Loss,0,2.0
355,4003,Ezreal,0:32:05,Team1,sec,enemy,7,3,11,Win,0,6.0
356,4003,Ahri,0:32:05,Team2, nigger not the no tank,offender,5,9,4,Loss,1,1.0
357,4003,Ahri,0:32:09,Team2, nigger nobody safe retard an me,offender,5,9,4,Loss,1,1.0
358,4003,Jinx,0:32:19,Team2,nope they just leave,ally,6,7,8,Loss,0,2.0
359,4003,Jinx,0:32:20,Team2,dont know why,ally,6,7,8,Loss,0,2.0
360,4003,Blitzcrank,0:32:22,Team1,oracle inc,enemy,3,5,20,Win,0,4.6
361,4003,Ahri,0:33:29,Team2,why chase ad kenne,offender,5,9,4,Loss,0,1.0
362,4003,Jinx,0:33:34,All,fuck retard,ally,6,7,8,Loss,1,2.0
363,4003,Ahri,0:33:36,Team2,SAFE JINX asswipe ME,offender,5,9,4,Loss,1,1.0
364,4003,Yorick,0:33:37,Team1,wp,enemy,6,5,20,Win,0,5.2
365,4003,Blitzcrank,0:33:46,All,how to support,enemy,3,5,20,Win,0,4.6
366,4003,Kennen,0:33:47,Team2,How can I save retard when ult was down,ally,5,7,6,Loss,1,1.57
367,4003,Kennen,0:33:48,Team2,Please,ally,5,7,6,Loss,0,1.57
368,4003,Kennen,0:33:49,Team2,tell me,ally,5,7,6,Loss,0,1.57
369,4003,Janna,0:34:01,All,there must be a thing to support,ally,0,4,12,Loss,0,3.0
370,4003,Ahri,0:34:02,Team2,why chase enemy ad with with no ult,offender,5,9,4,Loss,0,1.0
371,4003,Ahri,0:34:09,Team2,asswipe enemy ad gets guarded,offender,5,9,4,Loss,1,1.0
372,4003,Kennen,0:34:11,Team2,Are retard serious?,ally,5,7,6,Loss,1,1.57
373,4003,Ahri,0:34:14,Team2,so retard play 3 vs 1,offender,5,9,4,Loss,1,1.0
374,4003,Kennen,0:34:21,Team2,o,ally,5,7,6,Loss,0,1.57
375,4003,Jinx,0:35:30,Team2,im done,ally,6,7,8,Loss,0,2.0
376,4003,Yorick,0:36:31,Team1,stronk,enemy,6,5,20,Win,0,5.2
377,4003,Jinx,0:37:25,Team2,jujst surr,ally,6,7,8,Loss,0,2.0
378,4003,Jinx,0:37:28,Team2,i must leave,ally,6,7,8,Loss,0,2.0
379,4003,Jinx,0:37:34,Team2,dick shitter not like we are going to win..,ally,6,7,8,Loss,1,2.0
380,4003,Ahri,0:37:34,Team2,i surrender 3 times now,offender,5,9,4,Loss,0,1.0
381,4003,Aatrox,0:38:55,All,ggwp,ally,4,12,11,Loss,0,1.25
382,4003,Ahri,0:38:56,Team2,noob aatrox,offender,5,9,4,Loss,1,1.0
383,4004,Master Yi,0:00:31,Team1,Blitzcrank lv 14?,enemy,15,4,6,Win,0,5.25
384,4004,Soraka,0:00:38,Team1,so?,enemy,1,5,17,Win,0,3.6
385,4004,Master Yi,0:00:42,All,gl :),ally,15,4,6,Win,0,5.25
386,4004,Soraka,0:00:45,All,u2,enemy,1,5,17,Win,0,3.6
387,4004,Udyr,0:01:05,Team2,avion!!!,offender,7,10,6,Loss,0,1.3
388,4004,Master Yi,0:01:14,Team1,who bot?,enemy,15,4,6,Win,0,5.25
389,4004,Jayce,0:01:19,Team1,i will,enemy,8,4,11,Win,0,4.75
390,4004,Soraka,0:01:19,Team1,jayce,enemy,1,5,17,Win,0,3.6
391,4004,Master Yi,0:01:23,Team2,fail xD,ally,15,4,6,Win,0,5.25
392,4004,Master Yi,0:01:30,Team1,retard are all premade or not?,enemy,15,4,6,Win,1,5.25
393,4004,Soraka,0:01:40,Team1,ye,enemy,1,5,17,Win,0,3.6
394,4004,Master Yi,0:02:34,Team1,boaah,enemy,15,4,6,Win,0,5.25
395,4004,Master Yi,0:02:37,Team1,i have laggs,enemy,15,4,6,Win,0,5.25
396,4004,Master Yi,0:05:51,Team1,i hate my pc,enemy,15,4,6,Win,0,5.25
397,4004,Master Yi,0:05:53,Team1,9 fps,enemy,15,4,6,Win,0,5.25
398,4004,Udyr,0:09:39,Team2,noob zac dick cait,offender,7,10,6,Loss,1,1.3
399,4004,Master Yi,0:11:24,Team1,Every time when zac does his jump i have 5 fps or something like this,enemy,15,4,6,Win,0,5.25
400,4004,Master Yi,0:12:41,Team1,dat yi,enemy,15,4,6,Win,0,5.25
401,4004,Udyr,0:13:30,All,report me team plz,offender,7,10,6,Loss,0,1.3
402,4004,Udyr,0:15:15,All,report plz zac dick cait,offender,7,10,6,Loss,1,1.3
403,4004,Zac,0:15:28,Team2,why me,ally,3,6,8,Loss,0,1.83
404,4004,Udyr,0:15:30,All,#NAME?,offender,7,10,6,Loss,0,1.3
405,4005,Shyvana,0:00:55,Team2,I will sneak her red,enemy,9,7,6,Loss,0,2.14
406,4005,Shyvana,0:01:01,Team2,I guess she starts blue,enemy,9,7,6,Loss,0,2.14
407,4005,Riven,0:01:05,Team2,il guard ours,enemy,6,8,5,Loss,0,1.38
408,4005,Shyvana,0:01:09,Team2,good,enemy,9,7,6,Loss,0,2.14
409,4005,Draven,0:01:14,Team2,Be carefull,enemy,2,4,8,Loss,0,2.5
410,4005,Shyvana,0:01:16,Team2,their red smiteless pls,enemy,9,7,6,Loss,0,2.14
411,4005,Varus,0:01:39,Team1,fuckhead ;),ally,3,7,10,Win,1,1.86
412,4005,Varus,0:01:46,Team1,riven flash down,ally,3,7,10,Win,0,1.86
413,4005,Ahri,0:01:54,Team2,ori pls help shy,enemy,7,7,5,Loss,0,1.71
414,4005,Orianna,0:01:58,Team2,y,enemy,2,7,5,Loss,0,1.0
415,4005,Shyvana,0:02:03,Team2,I smite anyways,enemy,9,7,6,Loss,0,2.14
416,4005,Fiora,0:02:08,Team1,thx,ally,11,5,4,Win,0,3.0
417,4005,Shyvana,0:02:14,Team2,ty,enemy,9,7,6,Loss,0,2.14
418,4005,Thresh,0:02:20,Team1,ss1,ally,3,4,6,Win,0,2.25
419,4005,Thresh,0:02:28,Team1,re,ally,3,4,6,Win,0,2.25
420,4005,Shen,0:03:31,Team1,fuck stupid,ally,4,5,11,Win,1,3.0
421,4005,Thresh,0:03:31,Team1,fuckhead,ally,3,4,6,Win,1,2.25
422,4005,Riven,0:03:32,Team2,RLY SHYVE,enemy,6,8,5,Loss,0,1.38
423,4005,Fiora,0:03:41,Team1,sry was on cd,ally,11,5,4,Win,0,3.0
424,4005,Orianna,0:03:41,Team2,fuck stupid,enemy,2,7,5,Loss,1,1.0
425,4005,Riven,0:03:47,Team2,that was so unnessesairy,enemy,6,8,5,Loss,0,1.38
426,4005,Shen,0:03:48,Team1,k np,ally,4,5,11,Win,0,3.0
427,4005,Shen,0:03:55,Team1,i i have taunt,ally,4,5,11,Win,0,3.0
428,4005,Shen,0:03:58,Team1,if,ally,4,5,11,Win,0,3.0
429,4005,Shyvana,0:04:00,Team2,yep.,enemy,9,7,6,Loss,0,2.14
430,4005,Fiora,0:05:13,Team1,fak sry,ally,11,5,4,Win,0,3.0
431,4005,Draven,0:05:18,Team2,Good job!,enemy,2,4,8,Loss,0,2.5
432,4005,Thresh,0:05:50,Team1,go b,ally,3,4,6,Win,0,2.25
433,4005,Malzahar,0:06:58,Team1,ss ahri,offender,12,5,6,Win,0,3.6
434,4005,Malzahar,0:07:01,Team1,re,offender,12,5,6,Win,0,3.6
435,4005,Fiora,0:07:01,Team1,re,ally,11,5,4,Win,0,3.0
436,4005,Riven,0:07:11,Team2,now fiora cant be sshitped,enemy,6,8,5,Loss,0,1.38
437,4005,Riven,0:07:16,Team2, shit nt do anything now,enemy,6,8,5,Loss,1,1.38
438,4005,Shen,0:07:22,Team1,r ready,ally,4,5,11,Win,0,3.0
439,4005,Thresh,0:07:54,Team1,ss2,ally,3,4,6,Win,0,2.25
440,4005,Fiora,0:08:34,Team1, dumb gone,ally,11,5,4,Win,0,3.0
441,4005,Fiora,0:08:39,Team1,oh come,ally,11,5,4,Win,0,3.0
442,4005,Thresh,0:09:04,Team1,sry,ally,3,4,6,Win,0,2.25
443,4005,Riven,0:09:08,Team2,ss shen,enemy,6,8,5,Loss,0,1.38
444,4005,Varus,0:09:39,Team1,dont push shen,ally,3,7,10,Win,0,1.86
445,4005,Orianna,0:09:42,Team2,fiora has final,enemy,2,7,5,Loss,0,1.0
446,4005,Fiora,0:09:59,All,more luck plz,ally,11,5,4,Win,0,3.0
447,4005,Shyvana,0:09:59,Team2,shitter,enemy,9,7,6,Loss,1,2.14
448,4005,Draven,0:10:00,Team2,shitter,enemy,2,4,8,Loss,1,2.5
449,4005,Fiora,0:10:04,All,no mana for ult :@,ally,11,5,4,Win,0,3.0
450,4005,Riven,0:10:05,All,What luck ?,enemy,6,8,5,Loss,0,1.38
451,4005,Draven,0:10:06,Team2,Shyvana we need help bot.,enemy,2,4,8,Loss,0,2.5
452,4005,Fiora,0:10:15,All,u used ult i couldnt caus of mana pff,ally,11,5,4,Win,0,3.0
453,4005,Riven,0:10:30,All,thats not luck,enemy,6,8,5,Loss,0,1.38
454,4005,Riven,0:10:36,All,thats stupidr own fault xD,enemy,6,8,5,Loss,1,1.38
455,4005,Malzahar,0:11:07,Team1,shitter,offender,12,5,6,Win,1,3.6
456,4005,Thresh,0:12:09,Team1,sry varus,ally,3,4,6,Win,0,2.25
457,4005,Varus,0:12:16,Team1,dont pushh,ally,3,7,10,Win,0,1.86
458,4005,Shen,0:12:53,Team1,i try..,ally,4,5,11,Win,0,3.0
459,4005,Malzahar,0:12:57,Team1,np,offender,12,5,6,Win,0,3.6
460,4005,Shen,0:13:07,Team1,stupid take double fine,ally,4,5,11,Win,1,3.0
461,4005,Malzahar,0:13:16,Team1,noob yea,offender,12,5,6,Win,1,3.6
462,4005,Malzahar,0:13:23,Team1,but shyana saved riven last sec,offender,12,5,6,Win,0,3.6
463,4005,Shen,0:13:43,Team1,2 min r,ally,4,5,11,Win,0,3.0
464,4005,Thresh,0:14:02,Team1,20 sec ulti,ally,3,4,6,Win,0,2.25
465,4005,Thresh,0:14:29,Team1,dive,ally,3,4,6,Win,0,2.25
466,4005,Thresh,0:15:51,Team1,k,ally,3,4,6,Win,0,2.25
467,4005,Varus,0:16:16,Team1,fuck stupid,ally,3,7,10,Win,1,1.86
468,4005,Riven,0:16:21,All,damn the ignite,enemy,6,8,5,Loss,0,1.38
469,4005,Fiora,0:16:35,Team1,malza take blue,ally,11,5,4,Win,0,3.0
470,4005,Shen,0:16:37,Team1,r ready,ally,4,5,11,Win,0,3.0
471,4005,Riven,0:16:48,Team2,shen has his ult up,enemy,6,8,5,Loss,0,1.38
472,4005,Shen,0:16:48,Team1,fiora come shit we take tower..,ally,4,5,11,Win,0,3.0
473,4005,Thresh,0:16:50,Team1,ulti ready,ally,3,4,6,Win,0,2.25
474,4005,Riven,0:16:51,Team2,so be aware,enemy,6,8,5,Loss,0,1.38
475,4005,Fiora,0:16:55,Team1,k shen 1min,ally,11,5,4,Win,0,3.0
476,4005,Shen,0:16:58,Team1,k,ally,4,5,11,Win,0,3.0
477,4005,Malzahar,0:17:10,Team1,ss,offender,12,5,6,Win,0,3.6
478,4005,Malzahar,0:17:11,Team1,ahri,offender,12,5,6,Win,0,3.6
479,4005,Shen,0:17:14,Team1,river asshole here,ally,4,5,11,Win,1,3.0
480,4005,Draven,0:17:37,Team2,dumbass!,enemy,2,4,8,Loss,1,2.5
481,4005,Riven,0:17:39,Team2, asshole,enemy,6,8,5,Loss,1,1.38
482,4005,Varus,0:17:41,Team1,^^,ally,3,7,10,Win,0,1.86
483,4005,Riven,0:17:48,Team2,i konw,enemy,6,8,5,Loss,0,1.38
484,4005,Fiora,0:17:50,Team1,lets just dive,ally,11,5,4,Win,0,3.0
485,4005,Riven,0:17:52,Team2,we can kill them,enemy,6,8,5,Loss,0,1.38
486,4005,Shen,0:18:00,Team1,fucker is here,ally,4,5,11,Win,1,3.0
487,4005,Varus,0:18:11,Team1,dumbass malz,ally,3,7,10,Win,1,1.86
488,4005,Riven,0:18:12,Team2,stupid shit,enemy,6,8,5,Loss,1,1.38
489,4005,Varus,0:18:16,Team1,dont push pls,ally,3,7,10,Win,0,1.86
490,4005,Malzahar,0:18:17,Team1,ty,offender,12,5,6,Win,0,3.6
491,4005,Malzahar,0:18:21,Team1,sry,offender,12,5,6,Win,0,3.6
492,4005,Draven,0:18:29,Team2,dumbass shit!,enemy,2,4,8,Loss,1,2.5
493,4005,Fiora,0:18:29,Team1,wow nigger dmg wtf,ally,11,5,4,Win,1,3.0
494,4005,Riven,0:18:39,Team2,fuck,enemy,6,8,5,Loss,1,1.38
495,4005,Riven,0:18:41,Team2,nice,enemy,6,8,5,Loss,0,1.38
496,4005,Fiora,0:18:42,Team1,couldnt even ult oo,ally,11,5,4,Win,0,3.0
497,4005,Shyvana,0:18:45,Team2,+,enemy,9,7,6,Loss,0,2.14
498,4005,Shen,0:18:52,Team1,now is fuck problem..,ally,4,5,11,Win,1,3.0
499,4005,Shen,0:18:59,Team1,go stupid fuck hp,ally,4,5,11,Win,1,3.0
